time_open,time_close,side,entry,sl,tp,exit_price,R,MFE_R,MAE_R,module,gmt_hour,weekday,session_bucket,or_high,or_low,or_width_atr,break_depth_atr,reclaim_atr,reclaim_gmt_hour,f_price_ema200,f_atr_pct,f_rel_vol,f_disp,f_h1_bias
1735818300,1735822219,BUY,19916.83,19871.37,19962.29,19870.38,-1.0218,0.3641,-0.9998,FORB,8,4,London,20031.38,19902.18,2.7662,0.3597,0.3137,8,0.0267,100.0000,0.2645,0.3854,-1
1735920000,1735921590,BUY,19913.83,19887.59,19940.07,19940.38,1.0118,0.9737,-0.2839,FORB,13,5,USOverlap,20031.38,19902.18,5.7060,0.3445,0.5145,12,-1.4172,37.4000,1.7365,0.3975,1
1736766900,1736770019,BUY,20090.23,20053.81,20126.65,20053.78,-1.0008,0.3446,-0.9734,FORB,8,1,London,20193.28,20082.78,4.1575,0.7901,0.2803,8,-6.7582,67.6000,0.1884,0.2540,-1
1737387900,1737496887,BUY,20998.93,20884.14,21113.72,21114.08,1.0031,0.9944,-1.0510,FORB,12,1,Midday,20944.88,20898.68,1.9975,0.3286,4.3345,12,9.1400,65.8000,1.2012,0.3027,1
1741691700,1741705857,BUY,22765.23,22629.14,22901.32,22628.38,-1.0056,0.6180,-0.9986,FORB,8,2,London,22787.88,22703.88,1.5814,1.1070,1.1550,8,-1.7383,37.6000,0.4641,0.2683,-1
1741865400,1741870768,BUY,22568.73,22419.46,22718.00,22718.18,1.0012,0.9958,-0.5507,FORB,8,4,London,22671.18,22553.28,2.0424,2.0181,0.2676,8,-1.4505,48.8000,0.2028,0.3811,-1
1742214600,1742217199,BUY,22987.93,22921.87,23053.99,23054.23,1.0036,0.9862,-0.4042,FORB,9,1,London,23024.48,22952.48,1.3205,0.2613,0.6502,9,2.7751,49.6000,0.0870,0.2017,1
1742555700,1742556050,BUY,22913.28,22849.98,22976.58,22848.98,-1.0158,0.0703,-0.9937,FORB,8,5,London,23000.18,22868.18,3.2447,0.1475,1.1086,8,-4.6007,54.2000,0.4042,0.2028,-1
1742902200,1742902377,BUY,22884.88,22848.47,22921.29,22921.33,1.0011,0.9462,-0.5644,FORB,8,2,London,22950.33,22861.58,3.0059,0.1439,0.7892,8,-1.8424,40.6000,0.3283,0.3133,-1
1743075000,1743078478,BUY,22571.98,22469.08,22674.88,22675.93,1.0102,0.9908,-0.1074,FORB,8,4,London,22678.58,22567.08,2.5060,1.9026,0.1101,8,-7.2154,67.0000,0.2073,0.0225,-1
1743593400,1743606480,BUY,22290.58,22182.94,22398.22,22180.03,-1.0270,0.8031,-0.9992,FORB,8,3,London,22517.83,22265.23,4.4344,1.1446,0.4450,8,-2.4730,80.2000,0.1917,0.1843,1
1744370100,1744371198,BUY,20523.23,20352.93,20693.53,20350.28,-1.0156,0.0185,-0.9974,FORB,8,5,London,20826.28,20467.38,3.6563,0.8659,0.5690,8,-0.3059,35.6000,0.3066,0.3973,1
1744803000,1744827774,BUY,21101.53,20932.35,21270.71,21271.53,1.0048,0.9824,-0.0757,FORB,8,3,London,21143.88,20992.73,2.1210,0.5473,1.5267,8,1.2492,42.8000,0.1456,0.3122,1
1745839803,1745840520,BUY,22324.98,22288.87,22361.09,22361.43,1.0094,0.9762,-0.2645,FORB,8,1,London,22392.43,22311.13,2.2667,0.3206,0.3861,8,5.9297,28.6000,0.2382,0.3834,1
1746015300,1746018198,BUY,22531.28,22481.97,22580.59,22581.73,1.0231,0.9420,-0.3965,FORB,9,3,London,22616.23,22500.23,2.6859,0.1227,0.7189,9,3.4240,71.4000,0.1880,0.3473,1
1746619200,1746624607,BUY,23237.58,23194.52,23280.64,23193.03,-1.0346,0.6793,-0.9185,FORB,9,3,London,23293.83,23210.03,1.9776,0.0661,0.6501,8,1.5174,77.4000,0.2474,0.3658,1
1746790200,1746800873,BUY,23484.38,23428.10,23540.66,23423.83,-1.0759,0.5588,-0.9924,FORB,8,5,London,23529.83,23451.83,2.2435,0.3825,0.9362,8,4.8113,45.8000,0.3288,0.3451,1
1747049400,1747053076,BUY,23695.38,23602.28,23788.48,23788.83,1.0038,0.9930,-0.0166,FORB,8,1,London,23927.83,23691.53,3.6252,1.0693,0.0591,8,3.3921,98.2000,0.1821,0.1227,1
1747135800,1747143084,BUY,23576.28,23533.17,23619.39,23619.73,1.0079,0.9847,-0.4535,FORB,8,2,London,23638.23,23563.23,1.7914,0.4180,0.3117,8,0.7815,73.0000,0.3138,0.2866,1
1747656900,1747657964,BUY,23701.58,23673.75,23729.41,23730.03,1.0223,0.9863,-0.3791,FORB,9,1,London,23770.53,23690.03,2.3499,0.1751,0.3372,9,0.0042,68.2000,0.1923,0.2919,1
1747913400,1747919185,BUY,23962.08,23884.40,24039.76,23882.53,-1.0241,0.3405,-0.9983,FORB,8,4,London,24044.23,23912.23,3.4957,0.4370,1.3202,8,-0.2288,87.6000,0.5073,0.2648,1
1748004300,1748009992,BUY,24050.28,23993.68,24106.88,23986.03,-1.1352,0.7853,-0.9055,FORB,9,5,London,24137.73,24013.73,2.8506,0.1609,0.8402,9,1.0514,95.4000,0.3204,0.1609,1
1748519100,1748531110,BUY,24152.08,24077.27,24226.89,24076.53,-1.0099,0.6610,-0.9832,FORB,8,4,London,24301.53,24140.53,2.7979,0.7994,0.2007,8,-0.3560,94.4000,0.2968,0.3649,1
1749726900,1749729830,BUY,23668.68,23610.28,23727.08,23728.13,1.0180,0.9837,-0.6772,FORB,8,4,London,23818.13,23641.13,4.4794,0.4808,0.6972,8,-7.7616,79.8000,0.1689,0.1772,-1
1749815100,1749815148,BUY,23403.18,23372.06,23434.30,23370.33,-1.0556,0.1109,-0.9913,FORB,8,5,London,23550.63,23396.63,2.2461,0.0583,0.0955,8,-5.0900,98.0000,0.3866,0.3909,-1
1750850100,1750850656,BUY,23638.88,23610.92,23666.84,23610.53,-1.0139,0.1663,-0.9782,FORB,8,3,London,23733.53,23625.23,3.7735,0.1986,0.4756,8,2.7402,27.6000,0.1521,0.2091,1
1751371200,1751373077,BUY,23870.98,23805.90,23936.06,23805.33,-1.0088,0.1636,-0.9888,FORB,9,2,London,23985.63,23865.63,3.0814,1.2339,0.1374,8,-0.9751,77.4000,0.1834,0.1798,1
1751628600,1751628787,BUY,23786.88,23740.68,23833.08,23740.53,-1.0032,0.0000,-0.9816,FORB,8,5,London,23871.28,23767.53,2.8677,0.4423,0.5348,8,-1.5061,77.4000,0.2057,0.2101,1
1752147900,1752156277,BUY,24623.48,24563.09,24683.87,24562.13,-1.0159,0.0000,-0.9993,FORB,8,4,London,24652.13,24589.13,2.1023,0.5689,1.1462,8,8.4749,62.6000,0.2140,0.2670,1
1752751800,1752758026,BUY,24235.88,24185.24,24286.52,24182.53,-1.0535,0.1511,-0.9943,FORB,8,4,London,24321.53,24206.53,3.0553,0.2657,0.7798,8,2.0227,88.0000,0.2322,0.1328,1
1752844500,1752844750,BUY,24438.68,24414.81,24462.55,24414.33,-1.0201,0.0272,-0.9363,FORB,10,5,London,24502.33,24433.33,2.1742,0.2836,0.1686,10,4.3310,75.8000,0.3954,0.3230,1
1753361100,1753361954,BUY,24455.08,24413.82,24496.34,24412.73,-1.0264,0.0000,-0.9779,FORB,9,4,London,24524.53,24442.73,1.9014,0.3719,0.2871,9,2.7258,89.6000,0.2209,0.3952,1
1753442101,1753444441,BUY,24102.98,24055.41,24150.55,24151.63,1.0227,0.9807,-0.1335,FORB,8,5,London,24181.93,24071.63,2.9481,0.1336,0.8379,8,-5.3440,79.8000,0.1859,0.1336,-1
1753702200,1753704387,BUY,24320.98,24285.51,24356.45,24284.63,-1.0248,0.8359,-0.9966,FORB,8,1,London,24518.43,24308.63,4.1639,0.1588,0.2451,8,-0.0718,95.8000,0.1764,0.1866,1
1754052300,1754056345,BUY,23683.48,23593.63,23773.33,23593.13,-1.0056,0.3411,-0.9944,FORB,9,5,London,23848.13,23660.13,3.3770,0.8945,0.4194,9,-7.4974,99.6000,0.1943,0.3233,-1
1754915400,1754929265,BUY,24113.78,24036.21,24191.35,24035.43,-1.0101,0.6182,-0.9843,FORB,9,1,London,24274.23,24092.43,4.4633,1.0802,0.5242,9,-0.8745,73.8000,0.1692,0.1473,1
1755775800,1755781369,BUY,24278.72,24229.82,24327.62,24229.37,-1.0092,0.1360,-0.9683,FORB,8,4,London,24316.37,24252.37,2.0101,0.4083,0.8276,8,-1.1771,83.2000,0.2384,0.1822,-1
1756467000,1756478660,BUY,23940.84,23876.43,24005.25,24005.49,1.0037,0.9882,-0.8593,FORB,8,5,London,24056.99,23921.69,2.9927,0.7012,0.4236,8,-3.2256,97.8000,0.1250,0.1681,-1
1756811700,1756812098,BUY,23783.08,23741.04,23825.12,23827.83,1.0645,0.9931,-0.1082,FORB,8,2,London,24007.53,23774.53,4.5121,0.3486,0.1656,8,-4.4805,99.8000,0.2309,0.2324,-1
1757330100,1757341333,BUY,23760.08,23715.34,23804.82,23714.53,-1.0181,0.5867,-0.9958,FORB,8,1,London,23806.53,23736.53,2.2846,0.3917,0.7686,8,0.8522,63.0000,0.2016,0.2937,-1
1757939400,1757941866,BUY,23756.38,23730.95,23781.81,23782.33,1.0204,0.9811,-0.8199,FORB,9,1,London,23821.13,23753.53,1.5925,0.2320,0.0671,9,0.9342,93.0000,0.1032,0.0989,1
1758547800,1758573038,BUY,23504.18,23418.48,23589.88,23590.63,1.0088,0.9971,-0.4498,FORB,10,1,London,23596.83,23478.63,2.9185,1.1852,0.6309,10,-2.7835,92.6000,0.0957,0.3704,-1
1758636000,1758641278,BUY,23610.26,23565.71,23654.81,23654.91,1.0022,0.9798,-0.3670,FORB,11,2,Midday,23685.91,23601.11,2.4949,0.7414,0.2692,10,0.1334,75.2000,0.5190,0.3236,1
1758802502,1758804304,BUY,23577.26,23527.57,23626.95,23526.91,-1.0133,0.4760,-0.9932,FORB,9,4,London,23678.41,23549.41,3.1354,0.2309,0.6769,9,-1.5535,97.4000,0.2528,0.2674,1
1759230900,1759232891,BUY,23720.96,23682.51,23759.41,23759.61,1.0052,0.9792,-0.3992,FORB,8,2,London,23758.61,23701.61,1.9421,0.3509,0.6593,8,-0.4870,67.4000,0.4605,0.3748,1
1759490101,1759491086,BUY,24469.06,24446.39,24491.73,24492.71,1.0432,0.9550,-0.1037,FORB,8,5,London,24544.71,24465.71,2.8476,0.3965,0.1208,8,6.3779,56.0000,0.3924,0.3460,1
1759837500,1759842896,BUY,24370.68,24314.43,24426.93,24427.33,1.0071,0.9893,-0.2729,FORB,8,2,London,24441.33,24362.33,2.1750,1.0187,0.2299,8,-0.8327,89.6000,0.3377,0.3579,1
1760530500,1760539646,BUY,24310.28,24221.59,24398.97,24220.93,-1.0074,0.2441,-0.9962,FORB,9,3,London,24341.43,24256.93,1.9004,0.4948,1.1998,9,-0.8024,90.8000,0.3646,0.3329,-1
1761306300,1761534938,BUY,24216.00,24140.09,24291.91,24383.80,2.2105,0.8253,-0.6633,FORB,8,5,London,24315.65,24184.65,3.7201,0.9655,0.8903,8,-0.0170,67.2000,0.4177,0.2556,1
1767009600,1767012849,BUY,24310.83,24271.37,24350.29,24351.18,1.0226,0.9972,-0.3966,FORB,9,1,London,24459.18,24286.18,4.8017,0.1110,0.6842,8,-0.8109,90.4000,0.2277,0.0694,1
